tx_hash,block,timestamp,iso_utc,to,value_eth,gas_fee_eth
0x36ad3c2298b2f1fbe512b04e42018f384c7b229b27d3f952cb4d865cba616cde,373544284,1756475071,2025-08-29T13:44:31Z,0x289ba1701c2f088cf0faf8b3705246331cb8a839,0.000000000000,0.000002801439
0xbdc2237313e327f3c1bc9fff191eeec2464a68e43cc054745ec21e2428f3b0bf,373544296,1756475074,2025-08-29T13:44:34Z,0x000000000022d473030f116ddee9f6b43ac78ba3,0.000000000000,0.000002833811
0xdcb87df6216ed728ccdc0832fb023a7594ade29a1063a92278c0e8582c889805,373544307,1756475077,2025-08-29T13:44:37Z,0x5e325eda8064b456f4781070c0738d849c824258,0.000000000000,0.000010576863
0x6b5198c0104296de6b88b7ae8f6804b3029aa8aa19badc0aa51fd65f51a63fc5,373546137,1756475534,2025-08-29T13:52:14Z,0x289ba1701c2f088cf0faf8b3705246331cb8a839,0.000000000000,0.000004394368
0x72c5f8452c404bf73cce7ecb38ed4508a0bad30c482865432a71844d45ca4cbd,373546171,1756475542,2025-08-29T13:52:22Z,0xac4c6e212a361c968f1725b4d055b47e63f80b75,0.000000000000,0.000020793195
0x8ec822ac8ede3eb6a48be2d20b920d243f3d1e556119093ee527ead98392d29d,373546259,1756475564,2025-08-29T13:52:44Z,0x289ba1701c2f088cf0faf8b3705246331cb8a839,0.000000000000,0.000003833820
0x84cd4ec69755afff650408ad4ddd9c73638cfaa7e005b0abf37d5b0811a45980,373546305,1756475576,2025-08-29T13:52:56Z,0xac4c6e212a361c968f1725b4d055b47e63f80b75,0.000000000000,0.000017535974
0x14c1f100a20b474b80966713f7de67065ba4f5243ba2f516edb054df0fc9ce20,373546371,1756475593,2025-08-29T13:53:13Z,0x289ba1701c2f088cf0faf8b3705246331cb8a839,0.000000000000,0.000003399092
0xd986b7781ab7ec979988da61e1ca5ed43625f1510c7d53d9dacd79e4fa0dfab9,373546412,1756475603,2025-08-29T13:53:23Z,0xac4c6e212a361c968f1725b4d055b47e63f80b75,0.000000000000,0.000036303133
0x470fcdce1ddad1ac4df9280c6517606e26260f073cd9ba120c5a1e5932af08a8,373546475,1756475619,2025-08-29T13:53:39Z,0x289ba1701c2f088cf0faf8b3705246331cb8a839,0.000000000000,0.000002929942
0x26fadbedaaab96ba845fe6f0e3c00cf6b1cc8f15f354b9d1be0e70ebd54076b8,373546529,1756475632,2025-08-29T13:53:52Z,0xac4c6e212a361c968f1725b4d055b47e63f80b75,0.000000000000,0.000013523647
0x6bead8fc1985fc9dca83715ce27d39d60e4b8a09f9d3b56acc7e1b5a0aa236ff,373546592,1756475648,2025-08-29T13:54:08Z,0x289ba1701c2f088cf0faf8b3705246331cb8a839,0.000000000000,0.000002757292
0x59addb99694eedcdf0fcd06c5bd1f4ee8603fa9e9999654959934fefe9f74de6,373546648,1756475662,2025-08-29T13:54:22Z,0xac4c6e212a361c968f1725b4d055b47e63f80b75,0.000000000000,0.000013116314
0x2cc5afedc65c82e641d34c0e95f653ebaa08543d520a1239f464f1aab0132f25,373546757,1756475689,2025-08-29T13:54:49Z,0x289ba1701c2f088cf0faf8b3705246331cb8a839,0.000000000000,0.000002531724
0x489e4b919b8c6ddafce47015b7c7fa917fa5fcacaec5d16edd8a647bbc8cec1f,373547048,1756475760,2025-08-29T13:56:00Z,0xac4c6e212a361c968f1725b4d055b47e63f80b75,0.000000000000,0.000009963749
0xff6639f8e84468e31983cda241581ceb055a29ccc51759ecc3f37d536831b3e6,373547108,1756475775,2025-08-29T13:56:15Z,0x289ba1701c2f088cf0faf8b3705246331cb8a839,0.000000000000,0.000002099223
0x6c6607fc91e21ca4265b0f6cc25309a7ca8aae3a9bd0f9af94b0a9985946b23d,373547144,1756475784,2025-08-29T13:56:24Z,0xac4c6e212a361c968f1725b4d055b47e63f80b75,0.000000000000,0.000010634541
0x6292111fea72498127022d47cff1b673bc3eb33f77aa77588b65d91d8b74a19d,373550104,1756476525,2025-08-29T14:08:45Z,0x289ba1701c2f088cf0faf8b3705246331cb8a839,0.000000000000,0.000027147947
0x031c92184dd3432134b295795b63e906f5cf79ff040fcca4fb75652b83f34a09,373550146,1756476533,2025-08-29T14:08:53Z,0xac4c6e212a361c968f1725b4d055b47e63f80b75,0.000000000000,0.000363651771
0xf44ecc850d7b2f976561d055f72274205e645b15430db20fadcf0f054e64a333,373550189,1756476544,2025-08-29T14:09:04Z,0x289ba1701c2f088cf0faf8b3705246331cb8a839,0.000000000000,0.000025504954
0xbbd4bde37786c603c367a623f85239422ddd5139853e7846254cf76602578b70,373550257,1756476561,2025-08-29T14:09:21Z,0xac4c6e212a361c968f1725b4d055b47e63f80b75,0.000000000000,0.000323683658
0xbd5ee3b7b9b8b8df221eca66c043720e4c855b2b3f5a8f1f8042faea0073dce8,373550322,1756476577,2025-08-29T14:09:37Z,0x289ba1701c2f088cf0faf8b3705246331cb8a839,0.000000000000,0.000023293874
0x10e9b1064c4aba744b7b588e104a215110d46463f73123b495fd7231fdaab0ca,373550347,1756476583,2025-08-29T14:09:43Z,0xac4c6e212a361c968f1725b4d055b47e63f80b75,0.000000000000,0.000285544205
0x146979df78b6280422a0e1b73f6f15d25a2ba7c3909b21e40817030ed2d862b4,373629636,1756496370,2025-08-29T19:39:30Z,0x2f3f5eb42df57e758b478515f6849fa0c83d1580,0.010000000000,0.000000223580
0x2e869d84a090b990f0b1a32126ca06a3b7c8862f6d23c98235c052314b22ad91,374200391,1756638902,2025-08-31T11:15:02Z,0x8a8053c21696f27ed305a03bd1efc5d068d91d0e,0.500000000000,0.000000215400
0xaa9cff841738ec1b678b23ab10b4ca41ee930a7259419fab125c08538f6dd5ef,374215157,1756642586,2025-08-31T12:16:26Z,0xaf88d065e77c8cc2239327c5edb3a432268e5831,0.000000000000,0.000000459740
0xca398d072822b19915a9547879f9aded34bca7d13d858a64fedc61afd35e6e06,375286650,1756910200,2025-09-03T14:36:40Z,0xaf88d065e77c8cc2239327c5edb3a432268e5831,0.000000000000,0.000003466111
0x1ca6eb451f9cf81bc22503309c8952d799518aea2bd65c140246cb19b5d484c4,379790198,1758035673,2025-09-16T15:14:33Z,0xaf88d065e77c8cc2239327c5edb3a432268e5831,0.000000000000,0.000000751820
0x21b5b26efdfd906cd9fbee8d0f5c02117603db68a4304c459471cd50bf412719,379903866,1758064114,2025-09-16T23:08:34Z,0xaf88d065e77c8cc2239327c5edb3a432268e5831,0.000000000000,0.000000632140
0xe6f9d93158b8c89f19da11fedd4a57616abad97e76891c0d4b3bdcfb753d04b4,380521347,1758218417,2025-09-18T18:00:17Z,0xaf88d065e77c8cc2239327c5edb3a432268e5831,0.000000000000,0.000000664200
0x848fb2550e0aebc4b8fe40a1384e8a184f3e0827000266d31460a357a1fa1392,381519340,1758467833,2025-09-21T15:17:13Z,0xaf88d065e77c8cc2239327c5edb3a432268e5831,0.000000000000,0.000000461820
0x810014660d2c91de6702fbfdc4b8f01f971d13d227fb2e98479bf2e51a3a44ba,381519651,1758467911,2025-09-21T15:18:31Z,0xaf88d065e77c8cc2239327c5edb3a432268e5831,0.000000000000,0.000000461820
0x50b696771e969057c3820f8af4068d20cd6684604a3fa6f589ee00c0afd8e724,381887716,1758559859,2025-09-22T16:50:59Z,0x8a8053c21696f27ed305a03bd1efc5d068d91d0e,0.100000000000,0.000083747551
0x3f15b95bf62cc8e7acb068ee57ffaa2aa1d46936efd9bb7c8ea2762be2bc84b4,381888768,1758560121,2025-09-22T16:55:21Z,0x8a8053c21696f27ed305a03bd1efc5d068d91d0e,0.200000000000,0.000067571506
0xa78d3ee82e17fd6a8ee6355279e927575cb63f7559b91fd7a52ee8ab5a999a88,381893517,1758561306,2025-09-22T17:15:06Z,0x8a8053c21696f27ed305a03bd1efc5d068d91d0e,0.125000000000,0.000040611847
0x0a207adcaeaa99be69ec52394afd1440f168bd77e61ea3b1937d1da2be8819c7,382374487,1758681337,2025-09-24T02:35:37Z,0x0c7ca5da3b10fa345c5713c5a14479a3af65ac37,0.010000000000,0.000000414138
0xc7ed5bf659bfd4f1973b77fd2f53b260bcb42277d4e06bb32bccd14df32759ae,382890626,1758809982,2025-09-25T14:19:42Z,0x0c7ca5da3b10fa345c5713c5a14479a3af65ac37,0.050000000000,0.000002113776
0xa144eaa9944036a951db9da886b1d94dccb5eb69354ca037b4dc294c22daf052,383250429,1758899635,2025-09-26T15:13:55Z,0x0c7ca5da3b10fa345c5713c5a14479a3af65ac37,0.070000000000,0.000000613664
0x9f240ccc3f11897568b039c5951092932454c0b6fc24b7c5a47251ef5230ccf3,384416243,1759190658,2025-09-30T00:04:18Z,0x0c7ca5da3b10fa345c5713c5a14479a3af65ac37,0.200000000000,0.000000213750
0x24e498c7d8c48dfaac9aeeb3a489355ec3f183217cce164248476f38217d7938,385610605,1759488844,2025-10-03T10:54:04Z,0xaf88d065e77c8cc2239327c5edb3a432268e5831,0.000000000000,0.000000633850
0x4827206fd8dcd24ad273a1a11f20e11b3281681f12c2603996ae17a11b1c9d3b,386395663,1759684858,2025-10-05T17:20:58Z,0x0c7ca5da3b10fa345c5713c5a14479a3af65ac37,0.500000000000,0.000000218480
0x3bcdae20ec9327ca7f88d834f636b89c80588298f1bdebfd709dd0c3cb391b9e,387360820,1759925711,2025-10-08T12:15:11Z,0xaf88d065e77c8cc2239327c5edb3a432268e5831,0.000000000000,0.000000563370
0x045bd5c31b9105d3adacfd6bbcca3cb0253e8c23aada467cf353a0bb147ef64b,387360832,1759925714,2025-10-08T12:15:14Z,0x1231deb6f5749ef6ce6943a275a1d3e7486f4eae,0.000000000000,0.000003921140
0x1d534a93334ea79f83cee49f9ac138d671a98d0ed9d2431fa195247f7aa7da42,387361414,1759925859,2025-10-08T12:17:39Z,0x1231deb6f5749ef6ce6943a275a1d3e7486f4eae,0.000000000000,0.000001754720
0x7b22fd56b1038d20a64b2e63fec83a77904467876402b2e9cf6593cb1f58f90c,388129078,1760117418,2025-10-10T17:30:18Z,0x0c7ca5da3b10fa345c5713c5a14479a3af65ac37,0.400000000000,0.000000930525
0x9f11d104ef117222d67c24d281366b5ac2386bed571497ff282066d52c6d2d1e,391896332,1761058380,2025-10-21T14:53:00Z,0xaf88d065e77c8cc2239327c5edb3a432268e5831,0.000000000000,0.000002916977
0x6bbe4d1cef83e59a9c88f4e2c25149c345a5d5ca0e7ad7f359df6b36b95cc1ee,391896720,1761058476,2025-10-21T14:54:36Z,0xaf88d065e77c8cc2239327c5edb3a432268e5831,0.000000000000,0.000002808938
0xf0d68fc571f02ed138d9863ab707065760e274f11360ea6ba7f5ea451ea5a45f,394085526,1761605062,2025-10-27T22:44:22Z,0x0c7ca5da3b10fa345c5713c5a14479a3af65ac37,1.300000000000,0.000000212080
